{
  "qwen25": {
    "model": "Qwen2.5-3B",
    "num_samples": 50,
    "mean_latency_ms": 198.86241912841797,
    "median_latency_ms": 167.35482215881348,
    "std_latency_ms": 38.90403371472218,
    "min_latency_ms": 166.2442684173584,
    "max_latency_ms": 248.6095428466797,
    "p95_latency_ms": 247.2082495689392,
    "p99_latency_ms": 248.20509433746338,
    "mean_input_tokens": 87.8,
    "mean_output_tokens": 2.4,
    "throughput_samples_per_sec": 5.0286022084154425
  },
  "qwen3": {
    "model": "Qwen3.5-0.8B",
    "num_samples": 50,
    "mean_latency_ms": 449.83941078186035,
    "median_latency_ms": 450.3272771835327,
    "std_latency_ms": 32.207780754056735,
    "min_latency_ms": 415.63987731933594,
    "max_latency_ms": 488.18516731262207,
    "p95_latency_ms": 484.06418561935425,
    "p99_latency_ms": 487.03887939453125,
    "mean_input_tokens": 93.8,
    "mean_output_tokens": 4.5,
    "throughput_samples_per_sec": 2.2230155385049795
  },
  "speedup": 0.44207424774716303
}